CMS		mac single hex	mac proper	dhcpd.apollo	IP hex	ip dec	edf.zone	edf.rev	ipmc command
3001	eth0	80D336013D90	80:D3:36:01:3D:90	host apollo3001-0 {hardware ethernet 80:D3:36:01:3D:90; fixed-address apollo3001-0.edf.lo;}	C0A82400	192.168.36.0	apollo3001-0 IN A 192.168.36.0	0 IN PTR apollo3001-0.edf.lo.	ethmacwr 0 80 D3 36 01 3D 90
	eth1	80D336013D91	80:D3:36:01:3D:91	host apollo3001-1 {hardware ethernet 80:D3:36:01:3D:91; fixed-address apollo3001-1.edf.lo;}	C0A82401	192.168.36.1	apollo3001-1 IN A 192.168.36.1	1 IN PTR apollo3001-1.edf.lo.	ethmacwr 1 80 D3 36 01 3D 91
	ipmc	80D336013D92	80:D3:36:01:3D:92	host ipmc3001 {hardware ethernet 80:D3:36:01:3D:92; fixed-address ipmc3001.edf.lo;}	C0A82402	192.168.36.2	ipmc3001 IN A 192.168.36.2	2 IN PTR ipmc3001.edf.lo.	ethmacwr 2 80 D3 36 01 3D 92
3002	eth0	80D336013D93	80:D3:36:01:3D:93	host apollo3002-0 {hardware ethernet 80:D3:36:01:3D:93; fixed-address apollo3002-0.edf.lo;}	C0A82403	192.168.36.3	apollo3002-0 IN A 192.168.36.3	3 IN PTR apollo3002-0.edf.lo.	ethmacwr 0 80 D3 36 01 3D 93
	eth1	80D336013D94	80:D3:36:01:3D:94	host apollo3002-1 {hardware ethernet 80:D3:36:01:3D:94; fixed-address apollo3002-1.edf.lo;}	C0A82404	192.168.36.4	apollo3002-1 IN A 192.168.36.4	4 IN PTR apollo3002-1.edf.lo.	ethmacwr 1 80 D3 36 01 3D 94
	ipmc	80D336013D95	80:D3:36:01:3D:95	host ipmc3002 {hardware ethernet 80:D3:36:01:3D:95; fixed-address ipmc3002.edf.lo;}	C0A82405	192.168.36.5	ipmc3002 IN A 192.168.36.5	5 IN PTR ipmc3002.edf.lo.	ethmacwr 2 80 D3 36 01 3D 95
3003	eth0	80D336013D96	80:D3:36:01:3D:96	host apollo3003-0 {hardware ethernet 80:D3:36:01:3D:96; fixed-address apollo3003-0.edf.lo;}	C0A82406	192.168.36.6	apollo3003-0 IN A 192.168.36.6	6 IN PTR apollo3003-0.edf.lo.	ethmacwr 0 80 D3 36 01 3D 96
	eth1	80D336013D97	80:D3:36:01:3D:97	host apollo3003-1 {hardware ethernet 80:D3:36:01:3D:97; fixed-address apollo3003-1.edf.lo;}	C0A82407	192.168.36.7	apollo3003-1 IN A 192.168.36.7	7 IN PTR apollo3003-1.edf.lo.	ethmacwr 1 80 D3 36 01 3D 97
	ipmc	80D336013D98	80:D3:36:01:3D:98	host ipmc3003 {hardware ethernet 80:D3:36:01:3D:98; fixed-address ipmc3003.edf.lo;}	C0A82408	192.168.36.8	ipmc3003 IN A 192.168.36.8	8 IN PTR ipmc3003.edf.lo.	ethmacwr 2 80 D3 36 01 3D 98
3004	eth0	80D336013D99	80:D3:36:01:3D:99	host apollo3004-0 {hardware ethernet 80:D3:36:01:3D:99; fixed-address apollo3004-0.edf.lo;}	C0A82409	192.168.36.9	apollo3004-0 IN A 192.168.36.9	9 IN PTR apollo3004-0.edf.lo.	ethmacwr 0 80 D3 36 01 3D 99
	eth1	80D336013D9A	80:D3:36:01:3D:9A	host apollo3004-1 {hardware ethernet 80:D3:36:01:3D:9A; fixed-address apollo3004-1.edf.lo;}	C0A8240A	192.168.36.10	apollo3004-1 IN A 192.168.36.10	10 IN PTR apollo3004-1.edf.lo.	ethmacwr 1 80 D3 36 01 3D 9A
	ipmc	80D336013D9B	80:D3:36:01:3D:9B	host ipmc3004 {hardware ethernet 80:D3:36:01:3D:9B; fixed-address ipmc3004.edf.lo;}	C0A8240B	192.168.36.11	ipmc3004 IN A 192.168.36.11	11 IN PTR ipmc3004.edf.lo.	ethmacwr 2 80 D3 36 01 3D 9B
3005	eth0	80D336013D9C	80:D3:36:01:3D:9C	host apollo3005-0 {hardware ethernet 80:D3:36:01:3D:9C; fixed-address apollo3005-0.edf.lo;}	C0A8240C	192.168.36.12	apollo3005-0 IN A 192.168.36.12	12 IN PTR apollo3005-0.edf.lo.	ethmacwr 0 80 D3 36 01 3D 9C
	eth1	80D336013D9D	80:D3:36:01:3D:9D	host apollo3005-1 {hardware ethernet 80:D3:36:01:3D:9D; fixed-address apollo3005-1.edf.lo;}	C0A8240D	192.168.36.13	apollo3005-1 IN A 192.168.36.13	13 IN PTR apollo3005-1.edf.lo.	ethmacwr 1 80 D3 36 01 3D 9D
	ipmc	80D336013D9E	80:D3:36:01:3D:9E	host ipmc3005 {hardware ethernet 80:D3:36:01:3D:9E; fixed-address ipmc3005.edf.lo;}	C0A8240E	192.168.36.14	ipmc3005 IN A 192.168.36.14	14 IN PTR ipmc3005.edf.lo.	ethmacwr 2 80 D3 36 01 3D 9E
3006	eth0	80D336013D9F	80:D3:36:01:3D:9F	host apollo3006-0 {hardware ethernet 80:D3:36:01:3D:9F; fixed-address apollo3006-0.edf.lo;}	C0A8240F	192.168.36.15	apollo3006-0 IN A 192.168.36.15	15 IN PTR apollo3006-0.edf.lo.	ethmacwr 0 80 D3 36 01 3D 9F
	eth1	80D336013DA0	80:D3:36:01:3D:A0	host apollo3006-1 {hardware ethernet 80:D3:36:01:3D:A0; fixed-address apollo3006-1.edf.lo;}	C0A82410	192.168.36.16	apollo3006-1 IN A 192.168.36.16	16 IN PTR apollo3006-1.edf.lo.	ethmacwr 1 80 D3 36 01 3D A0
	ipmc	80D336013DA1	80:D3:36:01:3D:A1	host ipmc3006 {hardware ethernet 80:D3:36:01:3D:A1; fixed-address ipmc3006.edf.lo;}	C0A82411	192.168.36.17	ipmc3006 IN A 192.168.36.17	17 IN PTR ipmc3006.edf.lo.	ethmacwr 2 80 D3 36 01 3D A1
3007	eth0	80D336013DA2	80:D3:36:01:3D:A2	host apollo3007-0 {hardware ethernet 80:D3:36:01:3D:A2; fixed-address apollo3007-0.edf.lo;}	C0A82412	192.168.36.18	apollo3007-0 IN A 192.168.36.18	18 IN PTR apollo3007-0.edf.lo.	ethmacwr 0 80 D3 36 01 3D A2
	eth1	80D336013DA3	80:D3:36:01:3D:A3	host apollo3007-1 {hardware ethernet 80:D3:36:01:3D:A3; fixed-address apollo3007-1.edf.lo;}	C0A82413	192.168.36.19	apollo3007-1 IN A 192.168.36.19	19 IN PTR apollo3007-1.edf.lo.	ethmacwr 1 80 D3 36 01 3D A3
	ipmc	80D336013DA4	80:D3:36:01:3D:A4	host ipmc3007 {hardware ethernet 80:D3:36:01:3D:A4; fixed-address ipmc3007.edf.lo;}	C0A82414	192.168.36.20	ipmc3007 IN A 192.168.36.20	20 IN PTR ipmc3007.edf.lo.	ethmacwr 2 80 D3 36 01 3D A4
3008	eth0	80D336013DA5	80:D3:36:01:3D:A5	host apollo3008-0 {hardware ethernet 80:D3:36:01:3D:A5; fixed-address apollo3008-0.edf.lo;}	C0A82415	192.168.36.21	apollo3008-0 IN A 192.168.36.21	21 IN PTR apollo3008-0.edf.lo.	ethmacwr 0 80 D3 36 01 3D A5
	eth1	80D336013DA6	80:D3:36:01:3D:A6	host apollo3008-1 {hardware ethernet 80:D3:36:01:3D:A6; fixed-address apollo3008-1.edf.lo;}	C0A82416	192.168.36.22	apollo3008-1 IN A 192.168.36.22	22 IN PTR apollo3008-1.edf.lo.	ethmacwr 1 80 D3 36 01 3D A6
	ipmc	80D336013DA7	80:D3:36:01:3D:A7	host ipmc3008 {hardware ethernet 80:D3:36:01:3D:A7; fixed-address ipmc3008.edf.lo;}	C0A82417	192.168.36.23	ipmc3008 IN A 192.168.36.23	23 IN PTR ipmc3008.edf.lo.	ethmacwr 2 80 D3 36 01 3D A7
3009	eth0	80D336013DA8	80:D3:36:01:3D:A8	host apollo3009-0 {hardware ethernet 80:D3:36:01:3D:A8; fixed-address apollo3009-0.edf.lo;}	C0A82418	192.168.36.24	apollo3009-0 IN A 192.168.36.24	24 IN PTR apollo3009-0.edf.lo.	ethmacwr 0 80 D3 36 01 3D A8
	eth1	80D336013DA9	80:D3:36:01:3D:A9	host apollo3009-1 {hardware ethernet 80:D3:36:01:3D:A9; fixed-address apollo3009-1.edf.lo;}	C0A82419	192.168.36.25	apollo3009-1 IN A 192.168.36.25	25 IN PTR apollo3009-1.edf.lo.	ethmacwr 1 80 D3 36 01 3D A9
	ipmc	80D336013DAA	80:D3:36:01:3D:AA	host ipmc3009 {hardware ethernet 80:D3:36:01:3D:AA; fixed-address ipmc3009.edf.lo;}	C0A8241A	192.168.36.26	ipmc3009 IN A 192.168.36.26	26 IN PTR ipmc3009.edf.lo.	ethmacwr 2 80 D3 36 01 3D AA
3010	eth0	80D336013DAB	80:D3:36:01:3D:AB	host apollo3010-0 {hardware ethernet 80:D3:36:01:3D:AB; fixed-address apollo3010-0.edf.lo;}	C0A8241B	192.168.36.27	apollo3010-0 IN A 192.168.36.27	27 IN PTR apollo3010-0.edf.lo.	ethmacwr 0 80 D3 36 01 3D AB
	eth1	80D336013DAC	80:D3:36:01:3D:AC	host apollo3010-1 {hardware ethernet 80:D3:36:01:3D:AC; fixed-address apollo3010-1.edf.lo;}	C0A8241C	192.168.36.28	apollo3010-1 IN A 192.168.36.28	28 IN PTR apollo3010-1.edf.lo.	ethmacwr 1 80 D3 36 01 3D AC
	ipmc	80D336013DAD	80:D3:36:01:3D:AD	host ipmc3010 {hardware ethernet 80:D3:36:01:3D:AD; fixed-address ipmc3010.edf.lo;}	C0A8241D	192.168.36.29	ipmc3010 IN A 192.168.36.29	29 IN PTR ipmc3010.edf.lo.	ethmacwr 2 80 D3 36 01 3D AD
3011	eth0	80D336013DAE	80:D3:36:01:3D:AE	host apollo3011-0 {hardware ethernet 80:D3:36:01:3D:AE; fixed-address apollo3011-0.edf.lo;}	C0A8241E	192.168.36.30	apollo3011-0 IN A 192.168.36.30	30 IN PTR apollo3011-0.edf.lo.	ethmacwr 0 80 D3 36 01 3D AE
	eth1	80D336013DAF	80:D3:36:01:3D:AF	host apollo3011-1 {hardware ethernet 80:D3:36:01:3D:AF; fixed-address apollo3011-1.edf.lo;}	C0A8241F	192.168.36.31	apollo3011-1 IN A 192.168.36.31	31 IN PTR apollo3011-1.edf.lo.	ethmacwr 1 80 D3 36 01 3D AF
	ipmc	80D336013DB0	80:D3:36:01:3D:B0	host ipmc3011 {hardware ethernet 80:D3:36:01:3D:B0; fixed-address ipmc3011.edf.lo;}	C0A82420	192.168.36.32	ipmc3011 IN A 192.168.36.32	32 IN PTR ipmc3011.edf.lo.	ethmacwr 2 80 D3 36 01 3D B0
3012	eth0	80D336013DB1	80:D3:36:01:3D:B1	host apollo3012-0 {hardware ethernet 80:D3:36:01:3D:B1; fixed-address apollo3012-0.edf.lo;}	C0A82421	192.168.36.33	apollo3012-0 IN A 192.168.36.33	33 IN PTR apollo3012-0.edf.lo.	ethmacwr 0 80 D3 36 01 3D B1
	eth1	80D336013DB2	80:D3:36:01:3D:B2	host apollo3012-1 {hardware ethernet 80:D3:36:01:3D:B2; fixed-address apollo3012-1.edf.lo;}	C0A82422	192.168.36.34	apollo3012-1 IN A 192.168.36.34	34 IN PTR apollo3012-1.edf.lo.	ethmacwr 1 80 D3 36 01 3D B2
	ipmc	80D336013DB3	80:D3:36:01:3D:B3	host ipmc3012 {hardware ethernet 80:D3:36:01:3D:B3; fixed-address ipmc3012.edf.lo;}	C0A82423	192.168.36.35	ipmc3012 IN A 192.168.36.35	35 IN PTR ipmc3012.edf.lo.	ethmacwr 2 80 D3 36 01 3D B3
3013	eth0	80D336013DB4	80:D3:36:01:3D:B4	host apollo3013-0 {hardware ethernet 80:D3:36:01:3D:B4; fixed-address apollo3013-0.edf.lo;}	C0A82424	192.168.36.36	apollo3013-0 IN A 192.168.36.36	36 IN PTR apollo3013-0.edf.lo.	ethmacwr 0 80 D3 36 01 3D B4
	eth1	80D336013DB5	80:D3:36:01:3D:B5	host apollo3013-1 {hardware ethernet 80:D3:36:01:3D:B5; fixed-address apollo3013-1.edf.lo;}	C0A82425	192.168.36.37	apollo3013-1 IN A 192.168.36.37	37 IN PTR apollo3013-1.edf.lo.	ethmacwr 1 80 D3 36 01 3D B5
	ipmc	80D336013DB6	80:D3:36:01:3D:B6	host ipmc3013 {hardware ethernet 80:D3:36:01:3D:B6; fixed-address ipmc3013.edf.lo;}	C0A82426	192.168.36.38	ipmc3013 IN A 192.168.36.38	38 IN PTR ipmc3013.edf.lo.	ethmacwr 2 80 D3 36 01 3D B6
3014	eth0	80D336013DB7	80:D3:36:01:3D:B7	host apollo3014-0 {hardware ethernet 80:D3:36:01:3D:B7; fixed-address apollo3014-0.edf.lo;}	C0A82427	192.168.36.39	apollo3014-0 IN A 192.168.36.39	39 IN PTR apollo3014-0.edf.lo.	ethmacwr 0 80 D3 36 01 3D B7
	eth1	80D336013DB8	80:D3:36:01:3D:B8	host apollo3014-1 {hardware ethernet 80:D3:36:01:3D:B8; fixed-address apollo3014-1.edf.lo;}	C0A82428	192.168.36.40	apollo3014-1 IN A 192.168.36.40	40 IN PTR apollo3014-1.edf.lo.	ethmacwr 1 80 D3 36 01 3D B8
	ipmc	80D336013DB9	80:D3:36:01:3D:B9	host ipmc3014 {hardware ethernet 80:D3:36:01:3D:B9; fixed-address ipmc3014.edf.lo;}	C0A82429	192.168.36.41	ipmc3014 IN A 192.168.36.41	41 IN PTR ipmc3014.edf.lo.	ethmacwr 2 80 D3 36 01 3D B9
3015	eth0	80D336013DBA	80:D3:36:01:3D:BA	host apollo3015-0 {hardware ethernet 80:D3:36:01:3D:BA; fixed-address apollo3015-0.edf.lo;}	C0A8242A	192.168.36.42	apollo3015-0 IN A 192.168.36.42	42 IN PTR apollo3015-0.edf.lo.	ethmacwr 0 80 D3 36 01 3D BA
	eth1	80D336013DBB	80:D3:36:01:3D:BB	host apollo3015-1 {hardware ethernet 80:D3:36:01:3D:BB; fixed-address apollo3015-1.edf.lo;}	C0A8242B	192.168.36.43	apollo3015-1 IN A 192.168.36.43	43 IN PTR apollo3015-1.edf.lo.	ethmacwr 1 80 D3 36 01 3D BB
	ipmc	80D336013DBC	80:D3:36:01:3D:BC	host ipmc3015 {hardware ethernet 80:D3:36:01:3D:BC; fixed-address ipmc3015.edf.lo;}	C0A8242C	192.168.36.44	ipmc3015 IN A 192.168.36.44	44 IN PTR ipmc3015.edf.lo.	ethmacwr 2 80 D3 36 01 3D BC
3016	eth0	80D336013DBD	80:D3:36:01:3D:BD	host apollo3016-0 {hardware ethernet 80:D3:36:01:3D:BD; fixed-address apollo3016-0.edf.lo;}	C0A8242D	192.168.36.45	apollo3016-0 IN A 192.168.36.45	45 IN PTR apollo3016-0.edf.lo.	ethmacwr 0 80 D3 36 01 3D BD
	eth1	80D336013DBE	80:D3:36:01:3D:BE	host apollo3016-1 {hardware ethernet 80:D3:36:01:3D:BE; fixed-address apollo3016-1.edf.lo;}	C0A8242E	192.168.36.46	apollo3016-1 IN A 192.168.36.46	46 IN PTR apollo3016-1.edf.lo.	ethmacwr 1 80 D3 36 01 3D BE
	ipmc	80D336013DBF	80:D3:36:01:3D:BF	host ipmc3016 {hardware ethernet 80:D3:36:01:3D:BF; fixed-address ipmc3016.edf.lo;}	C0A8242F	192.168.36.47	ipmc3016 IN A 192.168.36.47	47 IN PTR ipmc3016.edf.lo.	ethmacwr 2 80 D3 36 01 3D BF
3017	eth0	80D336013DC0	80:D3:36:01:3D:C0	host apollo3017-0 {hardware ethernet 80:D3:36:01:3D:C0; fixed-address apollo3017-0.edf.lo;}	C0A82430	192.168.36.48	apollo3017-0 IN A 192.168.36.48	48 IN PTR apollo3017-0.edf.lo.	ethmacwr 0 80 D3 36 01 3D C0
	eth1	80D336013DC1	80:D3:36:01:3D:C1	host apollo3017-1 {hardware ethernet 80:D3:36:01:3D:C1; fixed-address apollo3017-1.edf.lo;}	C0A82431	192.168.36.49	apollo3017-1 IN A 192.168.36.49	49 IN PTR apollo3017-1.edf.lo.	ethmacwr 1 80 D3 36 01 3D C1
	ipmc	80D336013DC2	80:D3:36:01:3D:C2	host ipmc3017 {hardware ethernet 80:D3:36:01:3D:C2; fixed-address ipmc3017.edf.lo;}	C0A82432	192.168.36.50	ipmc3017 IN A 192.168.36.50	50 IN PTR ipmc3017.edf.lo.	ethmacwr 2 80 D3 36 01 3D C2
3018	eth0	80D336013DC3	80:D3:36:01:3D:C3	host apollo3018-0 {hardware ethernet 80:D3:36:01:3D:C3; fixed-address apollo3018-0.edf.lo;}	C0A82433	192.168.36.51	apollo3018-0 IN A 192.168.36.51	51 IN PTR apollo3018-0.edf.lo.	ethmacwr 0 80 D3 36 01 3D C3
	eth1	80D336013DC4	80:D3:36:01:3D:C4	host apollo3018-1 {hardware ethernet 80:D3:36:01:3D:C4; fixed-address apollo3018-1.edf.lo;}	C0A82434	192.168.36.52	apollo3018-1 IN A 192.168.36.52	52 IN PTR apollo3018-1.edf.lo.	ethmacwr 1 80 D3 36 01 3D C4
	ipmc	80D336013DC5	80:D3:36:01:3D:C5	host ipmc3018 {hardware ethernet 80:D3:36:01:3D:C5; fixed-address ipmc3018.edf.lo;}	C0A82435	192.168.36.53	ipmc3018 IN A 192.168.36.53	53 IN PTR ipmc3018.edf.lo.	ethmacwr 2 80 D3 36 01 3D C5
3019	eth0	80D336013DC6	80:D3:36:01:3D:C6	host apollo3019-0 {hardware ethernet 80:D3:36:01:3D:C6; fixed-address apollo3019-0.edf.lo;}	C0A82436	192.168.36.54	apollo3019-0 IN A 192.168.36.54	54 IN PTR apollo3019-0.edf.lo.	ethmacwr 0 80 D3 36 01 3D C6
	eth1	80D336013DC7	80:D3:36:01:3D:C7	host apollo3019-1 {hardware ethernet 80:D3:36:01:3D:C7; fixed-address apollo3019-1.edf.lo;}	C0A82437	192.168.36.55	apollo3019-1 IN A 192.168.36.55	55 IN PTR apollo3019-1.edf.lo.	ethmacwr 1 80 D3 36 01 3D C7
	ipmc	80D336013DC8	80:D3:36:01:3D:C8	host ipmc3019 {hardware ethernet 80:D3:36:01:3D:C8; fixed-address ipmc3019.edf.lo;}	C0A82438	192.168.36.56	ipmc3019 IN A 192.168.36.56	56 IN PTR ipmc3019.edf.lo.	ethmacwr 2 80 D3 36 01 3D C8
3020	eth0	80D336013DC9	80:D3:36:01:3D:C9	host apollo3020-0 {hardware ethernet 80:D3:36:01:3D:C9; fixed-address apollo3020-0.edf.lo;}	C0A82439	192.168.36.57	apollo3020-0 IN A 192.168.36.57	57 IN PTR apollo3020-0.edf.lo.	ethmacwr 0 80 D3 36 01 3D C9
	eth1	80D336013DCA	80:D3:36:01:3D:CA	host apollo3020-1 {hardware ethernet 80:D3:36:01:3D:CA; fixed-address apollo3020-1.edf.lo;}	C0A8243A	192.168.36.58	apollo3020-1 IN A 192.168.36.58	58 IN PTR apollo3020-1.edf.lo.	ethmacwr 1 80 D3 36 01 3D CA
	ipmc	80D336013DCB	80:D3:36:01:3D:CB	host ipmc3020 {hardware ethernet 80:D3:36:01:3D:CB; fixed-address ipmc3020.edf.lo;}	C0A8243B	192.168.36.59	ipmc3020 IN A 192.168.36.59	59 IN PTR ipmc3020.edf.lo.	ethmacwr 2 80 D3 36 01 3D CB
3021	eth0	80D336013DCC	80:D3:36:01:3D:CC	host apollo3021-0 {hardware ethernet 80:D3:36:01:3D:CC; fixed-address apollo3021-0.edf.lo;}	C0A8243C	192.168.36.60	apollo3021-0 IN A 192.168.36.60	60 IN PTR apollo3021-0.edf.lo.	ethmacwr 0 80 D3 36 01 3D CC
	eth1	80D336013DCD	80:D3:36:01:3D:CD	host apollo3021-1 {hardware ethernet 80:D3:36:01:3D:CD; fixed-address apollo3021-1.edf.lo;}	C0A8243D	192.168.36.61	apollo3021-1 IN A 192.168.36.61	61 IN PTR apollo3021-1.edf.lo.	ethmacwr 1 80 D3 36 01 3D CD
	ipmc	80D336013DCE	80:D3:36:01:3D:CE	host ipmc3021 {hardware ethernet 80:D3:36:01:3D:CE; fixed-address ipmc3021.edf.lo;}	C0A8243E	192.168.36.62	ipmc3021 IN A 192.168.36.62	62 IN PTR ipmc3021.edf.lo.	ethmacwr 2 80 D3 36 01 3D CE
3022	eth0	80D336013DCF	80:D3:36:01:3D:CF	host apollo3022-0 {hardware ethernet 80:D3:36:01:3D:CF; fixed-address apollo3022-0.edf.lo;}	C0A8243F	192.168.36.63	apollo3022-0 IN A 192.168.36.63	63 IN PTR apollo3022-0.edf.lo.	ethmacwr 0 80 D3 36 01 3D CF
	eth1	80D336013DD0	80:D3:36:01:3D:D0	host apollo3022-1 {hardware ethernet 80:D3:36:01:3D:D0; fixed-address apollo3022-1.edf.lo;}	C0A82440	192.168.36.64	apollo3022-1 IN A 192.168.36.64	64 IN PTR apollo3022-1.edf.lo.	ethmacwr 1 80 D3 36 01 3D D0
	ipmc	80D336013DD1	80:D3:36:01:3D:D1	host ipmc3022 {hardware ethernet 80:D3:36:01:3D:D1; fixed-address ipmc3022.edf.lo;}	C0A82441	192.168.36.65	ipmc3022 IN A 192.168.36.65	65 IN PTR ipmc3022.edf.lo.	ethmacwr 2 80 D3 36 01 3D D1
3023	eth0	80D336013DD2	80:D3:36:01:3D:D2	host apollo3023-0 {hardware ethernet 80:D3:36:01:3D:D2; fixed-address apollo3023-0.edf.lo;}	C0A82442	192.168.36.66	apollo3023-0 IN A 192.168.36.66	66 IN PTR apollo3023-0.edf.lo.	ethmacwr 0 80 D3 36 01 3D D2
	eth1	80D336013DD3	80:D3:36:01:3D:D3	host apollo3023-1 {hardware ethernet 80:D3:36:01:3D:D3; fixed-address apollo3023-1.edf.lo;}	C0A82443	192.168.36.67	apollo3023-1 IN A 192.168.36.67	67 IN PTR apollo3023-1.edf.lo.	ethmacwr 1 80 D3 36 01 3D D3
	ipmc	80D336013DD4	80:D3:36:01:3D:D4	host ipmc3023 {hardware ethernet 80:D3:36:01:3D:D4; fixed-address ipmc3023.edf.lo;}	C0A82444	192.168.36.68	ipmc3023 IN A 192.168.36.68	68 IN PTR ipmc3023.edf.lo.	ethmacwr 2 80 D3 36 01 3D D4
3024	eth0	80D336013DD5	80:D3:36:01:3D:D5	host apollo3024-0 {hardware ethernet 80:D3:36:01:3D:D5; fixed-address apollo3024-0.edf.lo;}	C0A82445	192.168.36.69	apollo3024-0 IN A 192.168.36.69	69 IN PTR apollo3024-0.edf.lo.	ethmacwr 0 80 D3 36 01 3D D5
	eth1	80D336013DD6	80:D3:36:01:3D:D6	host apollo3024-1 {hardware ethernet 80:D3:36:01:3D:D6; fixed-address apollo3024-1.edf.lo;}	C0A82446	192.168.36.70	apollo3024-1 IN A 192.168.36.70	70 IN PTR apollo3024-1.edf.lo.	ethmacwr 1 80 D3 36 01 3D D6
	ipmc	80D336013DD7	80:D3:36:01:3D:D7	host ipmc3024 {hardware ethernet 80:D3:36:01:3D:D7; fixed-address ipmc3024.edf.lo;}	C0A82447	192.168.36.71	ipmc3024 IN A 192.168.36.71	71 IN PTR ipmc3024.edf.lo.	ethmacwr 2 80 D3 36 01 3D D7
Atlas		mac single hex	mac proper	dhcpd.apollo	IP hex	ip dec	edf.zone	edf.rev	ipmc command
3025	eth0	80D336006200	80:D3:36:00:62:00	host apollo3025-0 {hardware ethernet 80:D3:36:00:62:00; fixed-address apollo3025-0.edf.lo;}	C0A82448	192.168.36.72	apollo3025-0 IN A 192.168.36.72	72 IN PTR apollo3025-0.edf.lo.	ethmacwr 0 80 D3 36 00 62 00
	eth1	80D336006201	80:D3:36:00:62:01	host apollo3025-1 {hardware ethernet 80:D3:36:00:62:01; fixed-address apollo3025-1.edf.lo;}	C0A82449	192.168.36.73	apollo3025-1 IN A 192.168.36.73	73 IN PTR apollo3025-1.edf.lo.	ethmacwr 1 80 D3 36 00 62 01
	ipmc	80D336006301	80:D3:36:00:63:01	host ipmc3025 {hardware ethernet 80:D3:36:00:63:01; fixed-address ipmc3025.edf.lo;}	C0A8244A	192.168.36.74	ipmc3025 IN A 192.168.36.74	74 IN PTR ipmc3025.edf.lo.	ethmacwr 2 80 D3 36 00 63 01
3026	eth0	80D336006202	80:D3:36:00:62:02	host apollo3026-0 {hardware ethernet 80:D3:36:00:62:02; fixed-address apollo3026-0.edf.lo;}	C0A8244B	192.168.36.75	apollo3026-0 IN A 192.168.36.75	75 IN PTR apollo3026-0.edf.lo.	ethmacwr 0 80 D3 36 00 62 02
	eth1	80D336006203	80:D3:36:00:62:03	host apollo3026-1 {hardware ethernet 80:D3:36:00:62:03; fixed-address apollo3026-1.edf.lo;}	C0A8244C	192.168.36.76	apollo3026-1 IN A 192.168.36.76	76 IN PTR apollo3026-1.edf.lo.	ethmacwr 1 80 D3 36 00 62 03
	ipmc	80D336006302	80:D3:36:00:63:02	host ipmc3026 {hardware ethernet 80:D3:36:00:63:02; fixed-address ipmc3026.edf.lo;}	C0A8244D	192.168.36.77	ipmc3026 IN A 192.168.36.77	77 IN PTR ipmc3026.edf.lo.	ethmacwr 2 80 D3 36 00 63 02
3027	eth0	80D336006204	80:D3:36:00:62:04	host apollo3027-0 {hardware ethernet 80:D3:36:00:62:04; fixed-address apollo3027-0.edf.lo;}	C0A8244E	192.168.36.78	apollo3027-0 IN A 192.168.36.78	78 IN PTR apollo3027-0.edf.lo.	ethmacwr 0 80 D3 36 00 62 04
	eth1	80D336006205	80:D3:36:00:62:05	host apollo3027-1 {hardware ethernet 80:D3:36:00:62:05; fixed-address apollo3027-1.edf.lo;}	C0A8244F	192.168.36.79	apollo3027-1 IN A 192.168.36.79	79 IN PTR apollo3027-1.edf.lo.	ethmacwr 1 80 D3 36 00 62 05
	ipmc	80D336006303	80:D3:36:00:63:03	host ipmc3027 {hardware ethernet 80:D3:36:00:63:03; fixed-address ipmc3027.edf.lo;}	C0A82450	192.168.36.80	ipmc3027 IN A 192.168.36.80	80 IN PTR ipmc3027.edf.lo.	ethmacwr 2 80 D3 36 00 63 03
3028	eth0	80D336006206	80:D3:36:00:62:06	host apollo3028-0 {hardware ethernet 80:D3:36:00:62:06; fixed-address apollo3028-0.edf.lo;}	C0A82451	192.168.36.81	apollo3028-0 IN A 192.168.36.81	81 IN PTR apollo3028-0.edf.lo.	ethmacwr 0 80 D3 36 00 62 06
	eth1	80D336006207	80:D3:36:00:62:07	host apollo3028-1 {hardware ethernet 80:D3:36:00:62:07; fixed-address apollo3028-1.edf.lo;}	C0A82452	192.168.36.82	apollo3028-1 IN A 192.168.36.82	82 IN PTR apollo3028-1.edf.lo.	ethmacwr 1 80 D3 36 00 62 07
	ipmc	80D336006304	80:D3:36:00:63:04	host ipmc3028 {hardware ethernet 80:D3:36:00:63:04; fixed-address ipmc3028.edf.lo;}	C0A82453	192.168.36.83	ipmc3028 IN A 192.168.36.83	83 IN PTR ipmc3028.edf.lo.	ethmacwr 2 80 D3 36 00 63 04
3029	eth0	80D336006208	80:D3:36:00:62:08	host apollo3029-0 {hardware ethernet 80:D3:36:00:62:08; fixed-address apollo3029-0.edf.lo;}	C0A82454	192.168.36.84	apollo3029-0 IN A 192.168.36.84	84 IN PTR apollo3029-0.edf.lo.	ethmacwr 0 80 D3 36 00 62 08
	eth1	80D336006209	80:D3:36:00:62:09	host apollo3029-1 {hardware ethernet 80:D3:36:00:62:09; fixed-address apollo3029-1.edf.lo;}	C0A82455	192.168.36.85	apollo3029-1 IN A 192.168.36.85	85 IN PTR apollo3029-1.edf.lo.	ethmacwr 1 80 D3 36 00 62 09
	ipmc	80D336006305	80:D3:36:00:63:05	host ipmc3029 {hardware ethernet 80:D3:36:00:63:05; fixed-address ipmc3029.edf.lo;}	C0A82456	192.168.36.86	ipmc3029 IN A 192.168.36.86	86 IN PTR ipmc3029.edf.lo.	ethmacwr 2 80 D3 36 00 63 05
3030	eth0	80D33600620A	80:D3:36:00:62:0A	host apollo3030-0 {hardware ethernet 80:D3:36:00:62:0A; fixed-address apollo3030-0.edf.lo;}	C0A82457	192.168.36.87	apollo3030-0 IN A 192.168.36.87	87 IN PTR apollo3030-0.edf.lo.	ethmacwr 0 80 D3 36 00 62 0A
	eth1	80D33600620B	80:D3:36:00:62:0B	host apollo3030-1 {hardware ethernet 80:D3:36:00:62:0B; fixed-address apollo3030-1.edf.lo;}	C0A82458	192.168.36.88	apollo3030-1 IN A 192.168.36.88	88 IN PTR apollo3030-1.edf.lo.	ethmacwr 1 80 D3 36 00 62 0B
	ipmc	80D336006306	80:D3:36:00:63:06	host ipmc3030 {hardware ethernet 80:D3:36:00:63:06; fixed-address ipmc3030.edf.lo;}	C0A82459	192.168.36.89	ipmc3030 IN A 192.168.36.89	89 IN PTR ipmc3030.edf.lo.	ethmacwr 2 80 D3 36 00 63 06
3031	eth0	80D33600620C	80:D3:36:00:62:0C	host apollo3031-0 {hardware ethernet 80:D3:36:00:62:0C; fixed-address apollo3031-0.edf.lo;}	C0A8245A	192.168.36.90	apollo3031-0 IN A 192.168.36.90	90 IN PTR apollo3031-0.edf.lo.	ethmacwr 0 80 D3 36 00 62 0C
	eth1	80D33600620D	80:D3:36:00:62:0D	host apollo3031-1 {hardware ethernet 80:D3:36:00:62:0D; fixed-address apollo3031-1.edf.lo;}	C0A8245B	192.168.36.91	apollo3031-1 IN A 192.168.36.91	91 IN PTR apollo3031-1.edf.lo.	ethmacwr 1 80 D3 36 00 62 0D
	ipmc	80D336006307	80:D3:36:00:63:07	host ipmc3031 {hardware ethernet 80:D3:36:00:63:07; fixed-address ipmc3031.edf.lo;}	C0A8245C	192.168.36.92	ipmc3031 IN A 192.168.36.92	92 IN PTR ipmc3031.edf.lo.	ethmacwr 2 80 D3 36 00 63 07
3032	eth0	80D33600620E	80:D3:36:00:62:0E	host apollo3032-0 {hardware ethernet 80:D3:36:00:62:0E; fixed-address apollo3032-0.edf.lo;}	C0A8245D	192.168.36.93	apollo3032-0 IN A 192.168.36.93	93 IN PTR apollo3032-0.edf.lo.	ethmacwr 0 80 D3 36 00 62 0E
	eth1	80D33600620F	80:D3:36:00:62:0F	host apollo3032-1 {hardware ethernet 80:D3:36:00:62:0F; fixed-address apollo3032-1.edf.lo;}	C0A8245E	192.168.36.94	apollo3032-1 IN A 192.168.36.94	94 IN PTR apollo3032-1.edf.lo.	ethmacwr 1 80 D3 36 00 62 0F
	ipmc	80D336006308	80:D3:36:00:63:08	host ipmc3032 {hardware ethernet 80:D3:36:00:63:08; fixed-address ipmc3032.edf.lo;}	C0A8245F	192.168.36.95	ipmc3032 IN A 192.168.36.95	95 IN PTR ipmc3032.edf.lo.	ethmacwr 2 80 D3 36 00 63 08
3033	eth0	80D336006210	80:D3:36:00:62:10	host apollo3033-0 {hardware ethernet 80:D3:36:00:62:10; fixed-address apollo3033-0.edf.lo;}	C0A82460	192.168.36.96	apollo3033-0 IN A 192.168.36.96	96 IN PTR apollo3033-0.edf.lo.	ethmacwr 0 80 D3 36 00 62 10
	eth1	80D336006211	80:D3:36:00:62:11	host apollo3033-1 {hardware ethernet 80:D3:36:00:62:11; fixed-address apollo3033-1.edf.lo;}	C0A82461	192.168.36.97	apollo3033-1 IN A 192.168.36.97	97 IN PTR apollo3033-1.edf.lo.	ethmacwr 1 80 D3 36 00 62 11
	ipmc	80D336006309	80:D3:36:00:63:09	host ipmc3033 {hardware ethernet 80:D3:36:00:63:09; fixed-address ipmc3033.edf.lo;}	C0A82462	192.168.36.98	ipmc3033 IN A 192.168.36.98	98 IN PTR ipmc3033.edf.lo.	ethmacwr 2 80 D3 36 00 63 09
3034	eth0	80D336006212	80:D3:36:00:62:12	host apollo3034-0 {hardware ethernet 80:D3:36:00:62:12; fixed-address apollo3034-0.edf.lo;}	C0A82463	192.168.36.99	apollo3034-0 IN A 192.168.36.99	99 IN PTR apollo3034-0.edf.lo.	ethmacwr 0 80 D3 36 00 62 12
	eth1	80D336006213	80:D3:36:00:62:13	host apollo3034-1 {hardware ethernet 80:D3:36:00:62:13; fixed-address apollo3034-1.edf.lo;}	C0A82464	192.168.36.100	apollo3034-1 IN A 192.168.36.100	100 IN PTR apollo3034-1.edf.lo.	ethmacwr 1 80 D3 36 00 62 13
	ipmc	80D33600630A	80:D3:36:00:63:0A	host ipmc3034 {hardware ethernet 80:D3:36:00:63:0A; fixed-address ipmc3034.edf.lo;}	C0A82465	192.168.36.101	ipmc3034 IN A 192.168.36.101	101 IN PTR ipmc3034.edf.lo.	ethmacwr 2 80 D3 36 00 63 0A
3035	eth0	80D336006214	80:D3:36:00:62:14	host apollo3035-0 {hardware ethernet 80:D3:36:00:62:14; fixed-address apollo3035-0.edf.lo;}	C0A82466	192.168.36.102	apollo3035-0 IN A 192.168.36.102	102 IN PTR apollo3035-0.edf.lo.	ethmacwr 0 80 D3 36 00 62 14
	eth1	80D336006215	80:D3:36:00:62:15	host apollo3035-1 {hardware ethernet 80:D3:36:00:62:15; fixed-address apollo3035-1.edf.lo;}	C0A82467	192.168.36.103	apollo3035-1 IN A 192.168.36.103	103 IN PTR apollo3035-1.edf.lo.	ethmacwr 1 80 D3 36 00 62 15
	ipmc	80D33600630B	80:D3:36:00:63:0B	host ipmc3035 {hardware ethernet 80:D3:36:00:63:0B; fixed-address ipmc3035.edf.lo;}	C0A82468	192.168.36.104	ipmc3035 IN A 192.168.36.104	104 IN PTR ipmc3035.edf.lo.	ethmacwr 2 80 D3 36 00 63 0B
3036	eth0	80D336006216	80:D3:36:00:62:16	host apollo3036-0 {hardware ethernet 80:D3:36:00:62:16; fixed-address apollo3036-0.edf.lo;}	C0A82469	192.168.36.105	apollo3036-0 IN A 192.168.36.105	105 IN PTR apollo3036-0.edf.lo.	ethmacwr 0 80 D3 36 00 62 16
	eth1	80D336006217	80:D3:36:00:62:17	host apollo3036-1 {hardware ethernet 80:D3:36:00:62:17; fixed-address apollo3036-1.edf.lo;}	C0A8246A	192.168.36.106	apollo3036-1 IN A 192.168.36.106	106 IN PTR apollo3036-1.edf.lo.	ethmacwr 1 80 D3 36 00 62 17
	ipmc	80D33600630C	80:D3:36:00:63:0C	host ipmc3036 {hardware ethernet 80:D3:36:00:63:0C; fixed-address ipmc3036.edf.lo;}	C0A8246B	192.168.36.107	ipmc3036 IN A 192.168.36.107	107 IN PTR ipmc3036.edf.lo.	ethmacwr 2 80 D3 36 00 63 0C
3037	eth0	80D336006218	80:D3:36:00:62:18	host apollo3037-0 {hardware ethernet 80:D3:36:00:62:18; fixed-address apollo3037-0.edf.lo;}	C0A8246C	192.168.36.108	apollo3037-0 IN A 192.168.36.108	108 IN PTR apollo3037-0.edf.lo.	ethmacwr 0 80 D3 36 00 62 18
	eth1	80D336006219	80:D3:36:00:62:19	host apollo3037-1 {hardware ethernet 80:D3:36:00:62:19; fixed-address apollo3037-1.edf.lo;}	C0A8246D	192.168.36.109	apollo3037-1 IN A 192.168.36.109	109 IN PTR apollo3037-1.edf.lo.	ethmacwr 1 80 D3 36 00 62 19
	ipmc	80D33600630D	80:D3:36:00:63:0D	host ipmc3037 {hardware ethernet 80:D3:36:00:63:0D; fixed-address ipmc3037.edf.lo;}	C0A8246E	192.168.36.110	ipmc3037 IN A 192.168.36.110	110 IN PTR ipmc3037.edf.lo.	ethmacwr 2 80 D3 36 00 63 0D
3038	eth0	80D33600621A	80:D3:36:00:62:1A	host apollo3038-0 {hardware ethernet 80:D3:36:00:62:1A; fixed-address apollo3038-0.edf.lo;}	C0A8246F	192.168.36.111	apollo3038-0 IN A 192.168.36.111	111 IN PTR apollo3038-0.edf.lo.	ethmacwr 0 80 D3 36 00 62 1A
	eth1	80D33600621B	80:D3:36:00:62:1B	host apollo3038-1 {hardware ethernet 80:D3:36:00:62:1B; fixed-address apollo3038-1.edf.lo;}	C0A82470	192.168.36.112	apollo3038-1 IN A 192.168.36.112	112 IN PTR apollo3038-1.edf.lo.	ethmacwr 1 80 D3 36 00 62 1B
	ipmc	80D33600630E	80:D3:36:00:63:0E	host ipmc3038 {hardware ethernet 80:D3:36:00:63:0E; fixed-address ipmc3038.edf.lo;}	C0A82471	192.168.36.113	ipmc3038 IN A 192.168.36.113	113 IN PTR ipmc3038.edf.lo.	ethmacwr 2 80 D3 36 00 63 0E
3039	eth0	80D33600621C	80:D3:36:00:62:1C	host apollo3039-0 {hardware ethernet 80:D3:36:00:62:1C; fixed-address apollo3039-0.edf.lo;}	C0A82472	192.168.36.114	apollo3039-0 IN A 192.168.36.114	114 IN PTR apollo3039-0.edf.lo.	ethmacwr 0 80 D3 36 00 62 1C
	eth1	80D33600621D	80:D3:36:00:62:1D	host apollo3039-1 {hardware ethernet 80:D3:36:00:62:1D; fixed-address apollo3039-1.edf.lo;}	C0A82473	192.168.36.115	apollo3039-1 IN A 192.168.36.115	115 IN PTR apollo3039-1.edf.lo.	ethmacwr 1 80 D3 36 00 62 1D
	ipmc	80D33600630F	80:D3:36:00:63:0F	host ipmc3039 {hardware ethernet 80:D3:36:00:63:0F; fixed-address ipmc3039.edf.lo;}	C0A82474	192.168.36.116	ipmc3039 IN A 192.168.36.116	116 IN PTR ipmc3039.edf.lo.	ethmacwr 2 80 D3 36 00 63 0F
3040	eth0	80D33600621E	80:D3:36:00:62:1E	host apollo3040-0 {hardware ethernet 80:D3:36:00:62:1E; fixed-address apollo3040-0.edf.lo;}	C0A82475	192.168.36.117	apollo3040-0 IN A 192.168.36.117	117 IN PTR apollo3040-0.edf.lo.	ethmacwr 0 80 D3 36 00 62 1E
	eth1	80D33600621F	80:D3:36:00:62:1F	host apollo3040-1 {hardware ethernet 80:D3:36:00:62:1F; fixed-address apollo3040-1.edf.lo;}	C0A82476	192.168.36.118	apollo3040-1 IN A 192.168.36.118	118 IN PTR apollo3040-1.edf.lo.	ethmacwr 1 80 D3 36 00 62 1F
	ipmc	80D336006310	80:D3:36:00:63:10	host ipmc3040 {hardware ethernet 80:D3:36:00:63:10; fixed-address ipmc3040.edf.lo;}	C0A82477	192.168.36.119	ipmc3040 IN A 192.168.36.119	119 IN PTR ipmc3040.edf.lo.	ethmacwr 2 80 D3 36 00 63 10